Наименование светильника,Цена Светильника,Ссылка на светильник
Светильник потолочный Matthew,4990руб.,https://www.divan.ru/product/svetilnik-potolochnyj-matthew
Светильник потолочный Парма White,5090руб.,https://www.divan.ru/product/svetilnik-potolochnyj-parma-white
Светильник потолочный Лима-1 Black,2590руб.,https://www.divan.ru/product/svetilnik-potolochnyj-lima-1-black
Светильник потолочный Мона Beige-4,30 290руб.,https://www.divan.ru/product/svetilnik-potolochnyj-mona-beige-4
Светильник потолочный Линг White,7690руб.,https://www.divan.ru/product/svetilnik-potolochnyj-ling-white
Светильник потолочный Банджи White,7990руб.,https://www.divan.ru/product/svetilnik-potolochnyj-bandji-white
Светильник потолочный Мона Beige-3,25 490руб.,https://www.divan.ru/product/svetilnik-potolochnyj-mona-beige-3
Светильник потолочный Кантур Grafit,36 990руб.,https://www.divan.ru/product/svetilnik-potolochnyj-kantur-grafit
Светильник потолочный Линг Black,7690руб.,https://www.divan.ru/product/svetilnik-potolochnyj-ling-black
Светильник потолочный Атрани Black,4490руб.,https://www.divan.ru/product/svetilnik-potolochnyj-atrani-black
Светильник потолочный Белфаст Black,4990руб.,https://www.divan.ru/product/svetilnik-potolochnyj-belfast-black
Спот Лайт-1 Black,2390руб.,https://www.divan.ru/product/spot-lajt-1-black
Спот Лайт-1 Grey,2390руб.,https://www.divan.ru/product/spot-lajt-1-grey
Спот Лайт-1 White,2390руб.,https://www.divan.ru/product/spot-lajt-1-white
Спот Лайт-2 Black,3190руб.,https://www.divan.ru/product/spot-lajt-2-black
Спот Лайт-2 White,3190руб.,https://www.divan.ru/product/spot-lajt-2-white
Светильник потолочный Элси Black,790руб.,https://www.divan.ru/product/svetilnik-potolochnyj-elsi-black
